
USE DBCHA;

INSERT INTO Mídia VALUES
('Jornal'),
('Instagram'),
('YouTube'),
('TV'),
('Google'),
('Facebook'),
('Panfletagem');

INSERT INTO Função VALUES
('Corretor'),
('Secretário'),
('Estagiário');

INSERT INTO Relacionamento VALUES
('Sócio'),
('Contratado');

INSERT INTO Área VALUES
('São Gonçalo', 'Teixeira'),
('Rio de Janeiro', 'Freitas'),
('Rio de Janeiro', 'Rezende Verde'),
('Nova Iguaçu', 'Novaes do Galho'),
('Rio de Janeiro', 'Almeida'),
('Rio de Janeiro', 'Farias Grande'),
('Rio de Janeiro', 'Melo'),
('Rio de Janeiro', 'Azevedo das Pedras'),
('Rio de Janeiro', 'Mendes'),
('São Gonçalo', 'Martins');

INSERT INTO Cliente VALUES
('Cauê da Cunha', '+55 51 7053 7906', '549.018.376-48', 'Condomínio Esther Gonçalves, 1\nVila Santo Antônio\n12549-928 Pereira do Amparo / ES'),
('Dra. Fernanda da Cruz', '+55 (061) 6773-4959', '857.460.923-47', 'Quadra Duarte, 2\nPantanal\n68301321 Duarte / GO'),
('Sr. Ian Pinto', '+55 61 5826 2355', '806.531.942-42', 'Avenida de Azevedo, 13\nCaetano Furquim\n20908-381 Monteiro / RJ'),
('Alícia da Mota', '+55 21 4094 4905', '034.265.798-47', 'Parque Melo, 31\nBoa Vista\n30194-625 Nascimento / PI'),
('Erick Moraes', '(031) 0762 6690', '587.139.064-10', 'Morro Heloísa Peixoto, 34\nErnesto Nascimento\n37490501 Teixeira do Amparo / GO'),
('Milena Teixeira', '+55 21 9299 9935', '480.362.751-71', 'Largo Pereira, 34\nVila Nossa Senhora Do Rosário\n85056-189 Moraes / MG'),
('Gabriela Lima', '71 5719 1630', '824.516.790-85', 'Recanto Caio Duarte, 24\nNossa Senhora De Fátima\n80559-303 Pires de Fogaça / MT'),
('Nathan Pereira', '84 9893-9117', '931.724.085-23', 'Condomínio Caio Silveira, 38\nVila Suzana Segunda Seção\n71501-134 Silveira / AC'),
('Luiz Gustavo Viana', '+55 41 9456 9791', '573.061.842-53', 'Loteamento Maria Cecília Sales\nBrasil Industrial\n99344602 da Rosa de Rodrigues / SP'),
('Camila Carvalho', '+55 (081) 5331 4689', '035.169.274-61', 'Vereda Eloah Gonçalves, 74\nVila União\n51529786 Araújo / SE'),
('Maria Fernanda Santos', '+55 (021) 2933-7273', '386.904.152-89', 'Alameda Porto, 3\nJaraguá\n50334118 Sales da Serra / RN'),
('Evelyn Costa', '+55 84 6753-9486', '269.104.357-61', 'Largo Costela, 83\nSolar Do Barreiro\n32462864 Barros do Galho / MA'),
('Marina da Costa', '84 9743-8981', '897.062.351-59', 'Loteamento Vinicius Nogueira, 2\nPiraja\n05532151 Carvalho / CE'),
('Davi Ferreira', '41 3098 9113', '925.873.460-29', 'Rua de Nunes, 14\nVila Antena\n61695-676 da Mata / MS'),
('Alexandre Nogueira', '31 5930-2658', '382.541.960-60', 'Área de Cardoso, 82\nBonsucesso\n22528-746 Cardoso / MG'),
('Lucas Lopes', '(071) 6359 7665', '056.814.923-89', 'Vereda Porto, 25\nMinas Caixa\n21846039 Cunha / PI'),
('Davi Luiz Azevedo', '+55 61 4299 3009', '843.570.261-80', 'Praia de Silveira, 374\nMantiqueira\n42760-407 da Mata das Pedras / MS'),
('Marina Martins', '+55 31 3861-2746', '519.423.086-98', 'Feira Novaes, 35\nFrei Leopoldo\n18400-183 Alves / AM'),
('Maysa Farias', '81 7447-2250', '276.438.015-17', 'Trecho de da Rosa, 4\nVila Ecológica\n36395344 da Mata / RO'),
('Gustavo Henrique das Neves', '+55 21 2513 4464', '968.173.405-00', 'Setor Pereira, 72\nConjunto Minas Caixa\n07753-832 Porto / PR'),
('Luiz Felipe Caldeira', '+55 (031) 3342-6834', '354.129.670-43', 'Estação de Martins\nVila Sumaré\n78385-396 Freitas / AL'),
('Benjamin da Mata', '84 9361-3926', '903.715.846-39', 'Ladeira Luna da Cruz\nChácara Leonina\n18653-603 Campos / MT'),
('Dr. Anthony Carvalho', '(061) 3733 5688', '415.963.702-70', 'Estrada Carvalho, 37\nSão Sebastião\n74849465 Moreira do Galho / AM'),
('Sra. Sophie Cunha', '(061) 3161-9766', '251.438.097-97', 'Avenida da Rosa\nOlhos Dágua\n33044089 Rodrigues / CE'),
('Ana Luiza Nascimento', '+55 (084) 4517-7691', '240.198.657-01', 'Área de Melo, 31\nSão Bento\n25217-041 Melo / SC'),
('Luana da Rocha', '(031) 8592 5738', '347.691.582-46', 'Vale de Viana, 368\nVarzea Da Palma\n18752793 Souza do Amparo / GO'),
('Juan Santos', '+55 31 2841-5956', '017.236.845-62', 'Condomínio Cauã Martins, 92\nSão Vicente\n57316382 Melo dos Dourados / PI'),
('Nathan da Mata', '81 1649 6981', '541.926.738-19', 'Feira Ryan Azevedo, 64\nConjunto Celso Machado\n32777814 Rocha / MA'),
('Bruna Vieira', '+55 (041) 7339-3264', '264.913.805-05', 'Vila Bryan Ferreira\nNova Cachoeirinha\n89976525 Farias de Porto / DF'),
('Luiz Otávio Campos', '+55 71 5417-7454', '429.760.853-74', 'Quadra de da Conceição\nVila Da Luz\n63093-334 Ribeiro do Sul / PR'),
('Raul Duarte', '+55 (061) 8795 4265', '725.934.861-55', 'Rodovia de Moreira, 23\nDona Clara\n84650874 Melo / SE'),
('Vitória Silveira', '(071) 1003-2072', '194.826.753-55', 'Loteamento Nathan Nascimento, 75\nBelmonte\n78441581 Aragão / TO'),
('Isabel Souza', '(071) 2823-4056', '459.681.037-01', 'Pátio de da Mota\nSanta Cruz\n27414931 Cardoso da Mata / MA'),
('Sra. Eloah Duarte', '+55 31 5095 8203', '914.856.027-85', 'Lago Maria Fernanda Ramos, 48\nMarajó\n13921399 Santos / SP'),
('Lavínia Lopes', '+55 11 3738-3931', '823.654.017-08', 'Residencial Yago Ribeiro, 35\nOlhos Dágua\n15439-723 Barros / DF'),
('Sr. João Guilherme Rodrigues', '(071) 8322 7924', '306.472.589-00', 'Jardim de da Rosa, 89\nVila Calafate\n48814254 Rocha Paulista / MS'),
('Sr. Lucas Gabriel da Paz', '+55 (011) 6371 6965', '190.487.632-31', 'Favela Mendes, 3\nSanta Terezinha\n14548-722 Azevedo / MA'),
('Maria Eduarda Souza', '(011) 5618 8942', '409.561.723-34', 'Avenida Lucas Silva, 73\nVila Independencia 2ª Seção\n65772-359 da Paz / PE'),
('Dra. Maria Alice Ramos', '(021) 1001-5580', '180.574.692-85', 'Vila Cunha, 446\nErmelinda\n82232860 Moraes das Pedras / MA'),
('Dra. Lívia Barbosa', '(061) 8595 8308', '627.059.831-12', 'Estação Yuri Cardoso, 367\nPrado\n00213-382 das Neves da Serra / PB'),
('Laís da Costa', '(021) 5691-9927', '873.590.241-88', 'Praça Dias, 11\nJardim Leblon\n72904693 Mendes Alegre / MS'),
('Gabriela Pinto', '+55 (084) 1134-9200', '615.279.480-30', 'Pátio da Costa\nSão Jorge 1ª Seção\n25007-404 Mendes / AC'),
('Srta. Lavínia Cunha', '+55 81 2855-7471', '627.903.148-96', 'Vereda Rodrigo Castro, 82\nSão Tomaz\n91345084 da Mota de Oliveira / RO'),
('João Costa', '+55 81 8459-9347', '146.539.072-34', 'Sítio de Barbosa, 2\nConjunto Jatoba\n90246-085 Carvalho / TO'),
('Pedro Miguel Pereira', '0500-568-4597', '631.089.547-84', 'Chácara de Almeida, 37\nMaria Tereza\n02025-373 Rodrigues de Goiás / PI'),
('Raquel das Neves', '(071) 5371 1222', '458.169.207-58', 'Esplanada de Dias\nVila Maloca\n85843-153 Aragão da Praia / MT'),
('Rodrigo Gonçalves', '(051) 5706-8490', '850.973.416-00', 'Avenida de Oliveira, 94\nZilah Sposito\n00189-937 Moura / GO'),
('Ana Clara das Neves', '(031) 1049 0126', '715.284.930-79', 'Praça Souza, 473\nVila Nova Gameleira 2ª Seção\n63767974 Costa de da Paz / PB'),
('Luiz Henrique Mendes', '+55 51 3756 0058', '920.375.681-77', 'Fazenda de Alves, 28\nGraça\n31771-292 Barbosa das Flores / MS'),
('Isadora Pires', '(084) 5923-0190', '953.672.041-80', 'Travessa Pereira, 7\nMirante\n21471891 Novaes dos Dourados / DF'),
('Gustavo Henrique Barbosa', '(081) 0810-1700', '053.784.216-08', 'Chácara de Rodrigues, 85\nMinaslandia\n52769303 Lima / GO'),
('Noah Farias', '+55 (041) 5387 0405', '981.264.350-89', 'Ladeira de Alves, 20\nNazare\n62604-644 da Mata / PA'),
('Maria Sophia Nascimento', '+55 (041) 8439-0303', '529.740.683-83', 'Campo João Miguel Nunes, 7\nMonte Azul\n15412-081 Nunes de Minas / TO'),
('Joana Nascimento', '+55 (041) 1519-6660', '698.371.452-00', 'Quadra Carvalho, 57\nMariquinhas\n28426-883 Pereira / CE'),
('Daniela Teixeira', '+55 41 6091 1572', '032.795.164-80', 'Aeroporto Porto\nVila Jardim Montanhes\n27292-303 Santos de Nascimento / MT'),
('Emilly Duarte', '+55 (021) 8220 5075', '534.982.607-74', 'Jardim Cardoso, 15\nUniversitário\n98515-071 Campos de Goiás / DF'),
('Maria Alice da Cunha', '+55 61 0181-0707', '582.690.431-33', 'Pátio Silva, 120\nAnchieta\n07577342 Farias de Minas / MG'),
('Valentina Fernandes', '31 9596-9962', '468.027.591-01', 'Núcleo Sofia Gonçalves, 86\nGuaratã\n86128048 Almeida da Prata / RJ'),
('Nicole Dias', '+55 21 2178 9088', '768.410.593-01', 'Travessa Ana Carolina Souza, 48\nNovo Santa Cecilia\n91551-838 Sales de da Rocha / GO'),
('João Miguel Campos', '+55 (081) 5373 3951', '038.712.596-59', 'Via Sophia Campos, 31\nConjunto Serra Verde\n65094-182 Rezende da Prata / AC'),
('Dra. Gabrielly Moreira', '+55 (021) 6306 0680', '687.241.905-94', 'Viaduto de da Luz, 30\nGlória\n71057441 Peixoto da Prata / RS'),
('Amanda Viana', '(011) 0349 5716', '564.137.029-07', 'Jardim de Araújo, 2\nCustodinha\n66660023 Almeida das Pedras / MG'),
('Gabriela Almeida', '+55 (011) 6686 4962', '376.452.018-35', 'Sítio Isadora Rocha, 62\nBoa União 1ª Seção\n74492-481 Nascimento / AC'),
('Kaique Cavalcanti', '41 3267-1813', '069.238.514-24', 'Chácara de Dias, 65\nLajedo\n68602-553 Melo / PI'),
('Lucas Gonçalves', '+55 21 2873 7190', '501.693.487-84', 'Esplanada de Ferreira, 9\nDiamante\n55968-621 Peixoto / DF'),
('Nina Freitas', '+55 (051) 3082 7202', '435.027.861-35', 'Trecho de Novaes, 41\nPrado\n18901662 Pires de Nogueira / DF'),
('Sra. Manuela Souza', '51 6176 4754', '943.107.286-69', 'Setor Benício da Rocha, 46\nNovo Glória\n87632-054 Aragão / CE'),
('Sr. Henrique Fogaça', '61 8652 8506', '129.768.053-77', 'Condomínio de Caldeira, 602\nParque São Pedro\n97711-855 Moura / SE'),
('Isaac da Mata', '+55 (071) 7761 3154', '529.631.048-98', 'Morro Barbosa, 9\nIpiranga\n13469-783 da Rosa / MS'),
('Luiza Barros', '+55 84 3673-3609', '096.378.152-95', 'Chácara Lopes, 463\nFloresta\n36613112 Moura de Cardoso / AL'),
('Isadora Araújo', '81 7621 1211', '692.173.584-28', 'Lago Anthony Moraes, 758\nCalifórnia\n69350-704 Almeida das Pedras / AP'),
('Benjamin Almeida', '+55 (081) 4319-8673', '401.952.836-51', 'Viela de Ribeiro, 53\nInconfidência\n08410670 Cavalcanti / PR'),
('Maria Sophia Fernandes', '31 7236-6257', '021.543.798-50', 'Praia Ramos\nVila Maria\n09047-148 Teixeira de Goiás / AL'),
('Pedro Henrique Fernandes', '+55 (084) 0785-1837', '815.079.462-01', 'Esplanada Almeida, 43\nBoa Vista\n45199115 Teixeira dos Dourados / DF'),
('Vinicius Barbosa', '+55 84 4969-4943', '698.534.017-20', 'Morro Agatha Gonçalves, 48\nNova Suíça\n50218578 Melo do Sul / BA'),
('Murilo Monteiro', '0900-741-2104', '835.190.627-12', 'Estrada Aragão, 1\nTrevo\n12059-525 Silveira / MA'),
('Noah Silveira', '(051) 6161 3762', '250.748.169-20', 'Conjunto Ribeiro, 43\nCruzeiro\n68238397 da Mata / AP'),
('Thomas Lopes', '81 5027-2517', '410.597.268-58', 'Estação de Santos, 15\nCidade Jardim Taquaril\n56974422 Ramos / AM'),
('Dr. Pedro Dias', '(084) 5786 2089', '386.094.215-89', 'Lagoa Theo Correia, 79\nVila Santo Antônio Barroquinha\n16565-586 Silveira de Castro / PE'),
('Joaquim Moura', '+55 84 7066-7735', '035.816.294-70', 'Estrada da Conceição, 30\nMinas Caixa\n31636-167 Pinto / MG'),
('Gustavo Henrique Campos', '+55 (041) 3636-2379', '671.098.435-48', 'Morro Heloísa Ferreira, 6\nVila Esplanada\n80935968 Sales / PA'),
('Sra. Mariana Caldeira', '+55 (021) 3949 4986', '762.315.489-37', 'Praça Rocha, 34\nVila Satélite\n97291-516 da Rocha / RO'),
('João Miguel da Luz', '(081) 6083 0225', '916.725.038-68', 'Vale de Duarte\nBuritis\n03104-337 Lima / PB'),
('Enrico Pinto', '+55 (084) 4686 5942', '981.657.432-28', 'Lagoa da Conceição\nIndaiá\n11177537 Moraes / ES'),
('Ana Júlia Pinto', '+55 31 3201 3509', '754.906.128-94', 'Campo Emilly Lopes, 5\nAlípio De Melo\n91824-953 Costa de Araújo / SE'),
('João Rocha', '41 2428-9425', '916.347.825-00', 'Condomínio Igor Fogaça, 34\nVila Aeroporto\n89628734 Costela de Viana / GO'),
('Rafaela Nogueira', '0800-845-1187', '167.248.903-22', 'Vereda Lorena Ferreira, 68\nSilveira\n19327665 da Costa / RN'),
('Nicolas da Conceição', '51 9339 1145', '954.768.132-09', 'Travessa Kaique Araújo, 9\nSanto André\n90792-038 Nascimento / BA'),
('Emilly Moura', '+55 61 2330 5993', '398.751.624-00', 'Avenida Santos, 249\nGlória\n15405-710 Castro / SE'),
('Lorenzo Silveira', '+55 (084) 4550-9734', '957.163.804-84', 'Esplanada de Silveira, 400\nUnidas\n22517960 Lima da Mata / DF'),
('João Miguel Lima', '+55 (021) 1960-6189', '812.569.074-30', 'Trevo de da Luz, 87\nSão Sebastião\n87976629 Silveira / SP'),
('Augusto Souza', '41 6354 1026', '263.971.854-19', 'Pátio de Barbosa, 5\nDistrito Industrial Do Jatoba\n10272425 Nunes do Norte / RS'),
('Emanuelly da Cunha', '11 3963 9295', '836.270.195-12', 'Rodovia de Gomes\nSão Jorge 1ª Seção\n97201510 Novaes / AL'),
('Luiz Gustavo Viana', '+55 (081) 4258-4272', '258.931.406-05', 'Praia Vitor Hugo Santos, 90\nVila Independencia 1ª Seção\n75644-867 da Cunha / PR'),
('Dra. Ana Júlia Moura', '(084) 5292 5559', '702.643.158-71', 'Praça Moraes, 290\nMaria Virgínia\n64172-433 Cunha / DF'),
('André Porto', '0900-172-1076', '215.783.469-91', 'Estação Oliveira, 637\nFuncionários\n65155946 Fernandes de da Mata / SP'),
('Sr. Lucas Pereira', '31 4368-8658', '783.045.196-66', 'Lagoa Farias, 35\nZilah Sposito\n30619544 Monteiro de Porto / CE'),
('Maria Vitória Gonçalves', '(084) 9569 9065', '710.628.439-40', 'Recanto João Gabriel Alves, 70\nTres Marias\n20861760 Mendes das Pedras / MS'),
('Julia Moreira', '+55 (011) 0698 5816', '590.324.816-06', 'Viaduto Monteiro, 473\nJardim Atlântico\n10070-396 Sales das Pedras / AM'),
('Ana Julia Jesus', '+55 (031) 6144-6587', '890.645.371-00', 'Estação Moura, 76\nColégio Batista\n26787913 Barros do Campo / GO');

INSERT INTO Funcionário VALUES
('Yuri Moreira', '84 9058-9096', '625.071.983-03', 'Trevo de Duarte, 894\nCapitão Eduardo\n06323410 Gonçalves Paulista / MG', 1, 2),
('Laura Santos', '71 0606-0029', '382.704.156-26', 'Aeroporto Samuel da Cunha, 56\nBrasil Industrial\n18243-909 Cavalcanti / RJ', 1, 2),
('Dra. Luna Vieira', '+55 71 7236-5329', '867.425.319-91', 'Colônia Davi Lucas Alves, 76\nVila Real 1ª Seção\n20135-959 Costela / DF', 1, 2),
('Enzo da Cunha', '71 3024 6354', '406.378.251-44', 'Lagoa da Rosa, 42\nSão Lucas\n42710429 Teixeira / CE', 1, 2),
('Dr. Kaique Fernandes', '+55 (071) 9181-5665', '841.630.729-69', 'Vereda Davi Moraes, 642\nVila Sesc\n63298840 Alves / AL', 2, 2),
('Laura Rodrigues', '51 2964 8810', '706.259.431-80', 'Área da Costa\nSão Damião\n28209829 Pereira / AP', 3, 2),
('Diego Araújo', '0300 715 9962', '912.038.754-79', 'Rodovia Silveira, 77\nAparecida 7ª Seção\n60716984 Freitas dos Dourados / RR', 1, 2),
('Natália Fogaça', '(051) 8107 5719', '280.764.951-30', 'Fazenda Vitor Gabriel Novaes\nEstrela Do Oriente\n21266139 Azevedo / PE', 1, 2),
('Sra. Sofia Peixoto', '31 1078 4249', '478.526.093-92', 'Chácara de Moura, 90\nSão Geraldo\n57186-471 Silveira do Sul / RJ', 1, 2),
('Isabelly Souza', '+55 (021) 7912-8436', '862.739.450-47', 'Vale de Teixeira, 87\nPirineus\n89415-318 Farias / DF', 1, 2),
('Sophia da Conceição', '0300 159 4932', '150.826.749-94', 'Sítio Peixoto\nGuaratã\n16744256 Aragão / MG', 1, 2),
('Sr. Gabriel Santos', '(071) 7402 3114', '815.037.964-93', 'Área Viana\nVila Sumaré\n66041-236 Pereira / RS', 1, 2),
('Breno da Mata', '(081) 1393-9501', '782.609.435-65', 'Via Gabriel Barbosa, 22\nCapitão Eduardo\n26275475 Pires / ES', 1, 2),
('Heloísa Freitas', '+55 61 4455-4936', '158.237.049-41', 'Chácara Pinto, 55\nApolonia\n98432-808 Moraes / RS', 1, 2),
('Ana Clara da Cunha', '+55 21 8996-1995', '450.876.193-39', 'Vila Cunha, 2\nDom Joaquim\n24896-423 Oliveira / AP', 2, 2),
('Davi Luiz Gonçalves', '(021) 9940-0621', '283.564.079-74', 'Trevo Levi da Costa, 23\nVila Barragem Santa Lúcia\n81621381 Correia do Sul / PR', 1, 2),
('Isabelly Carvalho', '(071) 9109 2350', '483.276.950-29', 'Fazenda de da Cruz, 30\nVila Formosa\n11629-729 Freitas / SE', 1, 2),
('Danilo da Luz', '0300 447 7036', '876.213.950-95', 'Sítio Ferreira, 71\nSantana Do Cafezal\n03894-413 Jesus da Prata / SE', 1, 2),
('Leandro Moraes', '+55 (061) 5641 6159', '283.419.065-89', 'Esplanada de Barbosa, 338\nUnidas\n45804852 da Rocha / AC', 2, 2),
('Ian Castro', '(051) 2695-4944', '361.802.954-33', 'Viaduto de Cardoso, 4\nCdi Jatoba\n91931-252 da Mata dos Dourados / DF', 1, 2),
('Leandro Pinto', '+55 (081) 0835 9192', '932.618.745-46', 'Rodovia de Azevedo, 241\nPindura Saia\n47591739 Barros de Minas / RO', 1, 2),
('Nathan Melo', '+55 (011) 7200-9194', '832.794.561-00', 'Setor Freitas\nDom Bosco\n41301-766 Correia Paulista / AP', 1, 2),
('Heloísa da Cunha', '84 2487-9338', '729.604.351-25', 'Sítio de Jesus, 128\nVila Real 1ª Seção\n35732977 da Cruz / CE', 2, 2),
('Vinicius Souza', '0300 241 7057', '293.648.571-19', 'Esplanada Lucca da Costa, 75\nVila Coqueiral\n84545474 Duarte de Nascimento / AL', 2, 2),
('Alice Araújo', '84 9136 8027', '908.354.216-51', 'Feira Maria Alice Gonçalves, 636\nJardim Guanabara\n90923588 Aragão / SE', 2, 2),
('Heitor Dias', '+55 (081) 3221-7583', '938.715.064-00', 'Colônia Ramos, 87\nFrei Leopoldo\n53568679 Sales / RN', 1, 2),
('Yago Cunha', '+55 31 4104-9843', '372.986.104-22', 'Favela Maria Vitória Carvalho, 97\nInconfidência\n09364-971 Nunes do Galho / GO', 1, 2),
('Heitor Lopes', '(061) 1350-2830', '475.369.012-16', 'Chácara das Neves, 4\nVila De Sá\n28681368 Vieira de Costa / MG', 1, 2),
('Luiz Felipe da Luz', '+55 (041) 6553-1069', '284.601.795-67', 'Sítio Costela\nCarlos Prates\n48476584 Pinto de Barros / PB', 1, 2),
('João Pedro Cavalcanti', '+55 31 9483-2860', '893.650.147-00', 'Núcleo Nascimento, 6\nVila Pilar\n21912-200 Farias do Galho / PI', 1, 2);

INSERT INTO Corretor VALUES
(513, 870848, 1),
(1332, 332736, 2),
(1516, 170491, 3),
(3578, 682270, 4),
(1172, 672754, 7),
(2339, 296985, 8),
(889, 125713, 9),
(2189, 676827, 10),
(1805, 969072, 11),
(2926, 990781, 12),
(3936, 927018, 13),
(873, 681657, 14),
(4044, 813716, 16),
(2197, 677970, 17),
(2458, 608018, 18),
(2424, 555605, 20),
(2377, 550322, 21),
(2233, 783393, 22),
(3098, 746809, 26),
(1939, 626840, 27),
(1672, 300726, 28),
(971, 399856, 29),
(3416, 372614, 30);

INSERT INTO Imóvel VALUES
(1, 'Via da Mata, 519\nVila Vista Alegre\n34191244 Lima Alegre / PB', 536626),
(3, 'Fazenda Levi Costa, 37\nLaranjeiras\n82133-755 Cavalcanti / ES', 766327),
(10, 'Área de Souza, 596\nSanta Tereza\n40360-802 Cunha Paulista / SP', 100000),
(3, 'Rodovia Stella Nunes, 56\nAnchieta\n88511464 Nogueira do Sul / GO', 170668),
(10, 'Viaduto Aragão, 47\nBaleia\n94555773 Moraes / BA', 945516),
(8, 'Viaduto de Campos, 43\nChácara Leonina\n78855-818 Almeida de Correia / TO', 100000),
(1, 'Loteamento das Neves, 871\nGarças\n67639-329 Rodrigues / BA', 133227),
(8, 'Rodovia Moraes, 91\nSanto André\n84761457 da Cruz / RJ', 100000),
(1, 'Esplanada de Gomes, 8\nCoqueiros\n16964-362 Costa de Goiás / MG', 444129),
(1, 'Travessa Lucas Gabriel Cavalcanti, 783\nVila Jardim São José\n54163621 da Costa do Galho / RR', 100000),
(8, 'Vale de Nascimento, 31\nEsperança\n14457-350 Cunha de Pereira / PI', 197964),
(5, 'Jardim de Costa, 5\nMilionario\n83752-249 da Rosa Grande / DF', 135891),
(8, 'Rua das Neves, 508\nSão Jorge 3ª Seção\n03931-988 Fernandes / RJ', 390225),
(10, 'Vereda Rezende, 12\nJardim São José\n83357506 Moura / SC', 579440),
(2, 'Lago de Gonçalves, 96\nIpiranga\n29012-472 Monteiro dos Dourados / SE', 100000),
(3, 'Estação Vieira, 49\nPalmeiras\n69219524 da Cruz de da Cunha / MS', 964291),
(9, 'Trevo Pereira, 52\nJardim Alvorada\n82382-471 Novaes das Pedras / GO', 100000),
(10, 'Vila de Caldeira, 5\nCanadá\n48047-937 Moreira / BA', 679153),
(1, 'Parque Alana da Rosa, 13\nCampo Alegre\n37971236 Rezende / PR', 811472),
(6, 'Feira Renan Gonçalves, 63\nVila Dos Anjos\n78698345 Cunha / GO', 496818),
(9, 'Chácara Ana Clara Oliveira, 7\nPetropolis\n18212-253 Sales de Moreira / RR', 357745),
(4, 'Viaduto Rezende, 27\nBairro Das Indústrias Ii\n30681304 da Paz / MG', 421357),
(9, 'Sítio Ana Beatriz Mendes, 16\nTiradentes\n67342357 Ribeiro / RN', 100000),
(4, 'Travessa das Neves, 24\nMadre Gertrudes\n84815-044 da Rosa dos Dourados / AP', 142404),
(4, 'Conjunto Ana Laura Nogueira, 5\nParaíso\n41232745 da Rosa de Rocha / SP', 103525),
(5, 'Praia de Vieira, 4\nNazare\n90518884 Moreira da Serra / CE', 214498),
(3, 'Via Marcela Oliveira\nCruzeiro\n31798016 Oliveira / MA', 798798),
(7, 'Chácara de Castro, 3\nVila Copasa\n83469-252 Mendes / RR', 270264),
(1, 'Morro de da Cunha, 67\nLorena\n49102-665 Silveira do Oeste / BA', 865675),
(9, 'Núcleo Melo, 79\nMangabeiras\n24429765 Souza / MA', 100000),
(4, 'Praça de Araújo, 54\nConjunto Califórnia I\n92868314 Sales / MT', 535051),
(4, 'Alameda Lima, 83\nMinaslandia\n61173-272 Aragão / CE', 193388),
(3, 'Esplanada Pinto, 31\nSanta Efigênia\n50763302 Barros / AL', 597558),
(1, 'Favela Cavalcanti, 22\nPantanal\n41242-103 Nogueira da Mata / RO', 100000),
(10, 'Trevo de Rocha, 480\nAdemar Maldonado\n68315-389 da Rosa do Amparo / ES', 1533937),
(7, 'Alameda de Cavalcanti, 719\nSanta Branca\n64132-494 Cardoso / MG', 100000),
(6, 'Travessa Fogaça, 26\nItaipu\n86904499 Cardoso / PR', 441740),
(8, 'Residencial de Campos, 26\nBonsucesso\n69935-944 Farias dos Dourados / PE', 535244),
(9, 'Aeroporto de Barbosa, 17\nSolimoes\n16119089 Cunha / PE', 659942),
(10, 'Avenida Silveira, 3\nSanta Lúcia\n61559-415 da Cruz / MA', 725022),
(4, 'Pátio Castro, 21\nVila Antena\n82382-875 da Luz / RJ', 957840),
(3, 'Recanto de Farias, 2\nVila São Dimas\n93433-705 Viana / RO', 698569),
(10, 'Via de Mendes, 9\nBarroca\n58504-613 Sales / GO', 100000),
(1, 'Esplanada João Vitor Silveira, 5\nVila De Sá\n94784842 Novaes / MA', 1262886),
(5, 'Campo Araújo, 980\nVila Independencia 1ª Seção\n37301214 Rezende / RR', 353182),
(8, 'Lago de Costa, 121\nAdemar Maldonado\n61956-022 Silva das Flores / DF', 333348),
(1, 'Trevo de Silva, 48\nNovo Ouro Preto\n83901317 Souza / MS', 1311366),
(9, 'Praça Correia, 1\nVila Paquetá\n42527-459 Fogaça de Gomes / AP', 100000),
(9, 'Praia de Caldeira, 39\nLagoinha\n88071-277 Moraes do Amparo / AM', 588526),
(9, 'Parque de Moura, 89\nFuncionários\n62211-319 Peixoto / MT', 673224);

INSERT INTO Proprietário VALUES
(47),
(68),
(52),
(72),
(4),
(80),
(13),
(5),
(83),
(21),
(52),
(51),
(33),
(85),
(2),
(70),
(32),
(31),
(36),
(30),
(6),
(13),
(61),
(92),
(67),
(26),
(87),
(46),
(69),
(42),
(13),
(6),
(32),
(54),
(84),
(12),
(11),
(96),
(11),
(63),
(12),
(96),
(79),
(48),
(52),
(78),
(68),
(81),
(87),
(76);

INSERT INTO Cobertura VALUES
(14),
(16),
(23),
(15),
(9),
(8),
(16),
(19),
(10),
(6);

INSERT INTO Compra VALUES
('2021-10-13', 441740, 37, 8, 2),
('2021-10-08', 100000, 30, 10, 70),
('2021-10-17', 88965, 10, 14, 96),
('2021-10-20', 89224, 23, 10, 42),
('2021-10-26', 534859, 38, 19, 41),
('2021-10-05', 100000, 34, 14, 6),
('2021-10-20', 571917, 14, 6, 65),
('2021-10-03', 347232, 45, 9, 15),
('2021-10-02', 214498, 26, 9, 38),
('2021-10-23', 94922, 48, 10, 96),
('2021-10-09', 429484, 37, 8, 32),
('2021-10-28', 93976, 25, 15, 38),
('2021-10-16', 101399, 25, 15, 19),
('2021-10-07', 585122, 49, 10, 99),
('2021-10-26', 98011, 6, 19, 56),
('2021-10-01', 92298, 43, 6, 87),
('2021-10-03', 798798, 27, 23, 10),
('2021-10-02', 953737, 16, 23, 62),
('2021-10-12', 100000, 36, 16, 53),
('2021-10-26', 1303251, 47, 14, 92),
('2021-10-28', 95170, 25, 15, 74),
('2021-10-24', 129657, 24, 15, 98),
('2021-10-19', 91561, 23, 10, 17),
('2021-10-29', 390225, 13, 19, 90),
('2021-10-03', 93406, 6, 19, 75);

INSERT INTO Publicidade VALUES
(200, 46, 19, 7, '2021-02-28', '2021-03-04'),
(1962, 37, 8, 4, '2021-11-20', '2021-12-06'),
(560, 27, 23, 1, '2021-11-12', '2021-11-29'),
(2390, 42, 23, 6, '2021-08-23', '2021-09-07'),
(253, 36, 16, 1, '2021-07-28', '2021-08-15'),
(200, 13, 19, 1, '2021-06-18', '2021-06-22'),
(382, 7, 14, 3, '2021-12-02', '2021-12-20'),
(213, 9, 14, 7, '2021-08-29', '2021-09-09'),
(200, 4, 23, 6, '2021-10-12', '2021-10-13'),
(200, 30, 10, 7, '2021-10-01', '2021-10-15'),
(1565, 4, 23, 5, '2021-08-17', '2021-09-02'),
(1850, 44, 14, 1, '2021-09-07', '2021-09-16'),
(1202, 8, 19, 5, '2021-05-13', '2021-05-22'),
(1743, 27, 23, 2, '2021-09-21', '2021-10-01'),
(200, 47, 14, 6, '2021-03-17', '2021-04-08'),
(743, 40, 6, 4, '2021-07-21', '2021-07-25'),
(200, 5, 6, 7, '2021-07-17', '2021-07-18'),
(200, 26, 9, 4, '2021-03-13', '2021-03-14'),
(707, 8, 19, 1, '2021-03-08', '2021-03-16'),
(200, 1, 14, 3, '2021-10-12', '2021-10-23'),
(200, 6, 19, 4, '2021-03-29', '2021-04-02'),
(2076, 16, 23, 3, '2021-12-30', '2022-01-06'),
(780, 18, 6, 7, '2021-02-19', '2021-02-23'),
(424, 18, 6, 7, '2021-08-25', '2021-09-07'),
(1235, 49, 10, 1, '2021-04-18', '2021-04-19'),
(2162, 17, 10, 6, '2021-02-28', '2021-03-11'),
(1237, 46, 19, 1, '2021-02-12', '2021-02-13'),
(1939, 48, 10, 5, '2021-06-28', '2021-07-17'),
(1187, 2, 23, 6, '2021-09-09', '2021-09-14'),
(2412, 46, 19, 3, '2021-06-25', '2021-07-04'),
(875, 22, 15, 4, '2021-04-29', '2021-05-06'),
(1506, 18, 6, 1, '2021-07-02', '2021-07-10'),
(2182, 16, 23, 3, '2021-02-04', '2021-02-13'),
(344, 9, 14, 7, '2021-01-25', '2021-01-26'),
(1337, 11, 19, 5, '2021-09-08', '2021-09-18'),
(200, 39, 10, 4, '2021-11-23', '2021-11-29'),
(1268, 47, 14, 7, '2021-12-12', '2021-12-26'),
(1869, 44, 14, 6, '2021-04-17', '2021-04-25'),
(564, 33, 23, 7, '2021-05-09', '2021-05-18'),
(1410, 42, 23, 5, '2021-08-16', '2021-08-28'),
(1409, 11, 19, 4, '2021-12-22', '2021-12-25'),
(806, 33, 23, 4, '2021-04-27', '2021-05-01'),
(1251, 23, 10, 5, '2021-12-18', '2021-12-21'),
(1750, 22, 15, 7, '2021-09-12', '2021-09-18'),
(586, 20, 8, 4, '2021-04-26', '2021-04-27'),
(1048, 9, 14, 4, '2021-09-21', '2021-10-06'),
(1440, 41, 15, 7, '2021-04-06', '2021-04-21'),
(812, 38, 19, 7, '2021-04-04', '2021-04-20'),
(766, 24, 15, 4, '2021-04-30', '2021-05-14'),
(467, 6, 19, 7, '2021-07-23', '2021-07-27');

INSERT INTO Vacinação VALUES
('Rio de Janeiro', 5917212, 6775561, 87.33),
('São Gonçalo', 651133, 1098357, 59.28),
('Duque de Caxias', 568565, 929449, 61.17),
('Nova Iguaçu', 569459, 825388, 68.99),
('Niterói', 478335, 516981, 92.52);

